{
  "name": "fotorama",
  "version": "4.6.4",
  "homepage": "http://fotorama.io/",
  "authors": [
    "Artem Polikarpov <artpolikarpov@gmail.com>"
  ],
  "description": "A simple, stunning, powerful jQuery gallery.",
  "main": [
    "fotorama.css",
    "fotorama.js"
  ],
  "keywords": [
    "gallery",
    "ui",
    "responsive",
    "slider",
    "carousel",
    "slideshow",
    "photo",
    "image",
    "content",
    "video",
    "fotorama"
  ],
  "license": "MIT",
  "ignore": [
    "**/.*",
    "node_modules",
    "bower_components",
    "test",
    "tests"
  ],
  "dependencies": {
    "jquery": ">=1.8"
  },
  "_release": "4.6.4",
  "_resolution": {
    "type": "version",
    "tag": "4.6.4",
    "commit": "bc05ef11b5cd307fd46d50e269abf8c8808fa4e5"
  },
  "_source": "https://github.com/artpolikarpov/fotorama-bower.git",
  "_target": "^4.6.4",
  "_originalSource": "fotorama",
  "_direct": true
}